{"cameraMode":{"drawMode":0,"name":"Shaded","section":"Shading Mode"},"sceneLighting":false,"audioPlay":false,"sceneViewState":{"m_AlwaysRefresh":false,"showFog":true,"showSkybox":false,"showFlares":true,"showImageEffects":true,"showParticleSystems":true,"showVisualEffectGraphs":true,"m_FxEnabled":true},"in2DMode":false,"pivot":{"x":-6.679999351501465,"y":22.899999618530275,"z":0.19999998807907105},"rotation":{"x":-0.08920878171920777,"y":-0.14613595604896546,"z":0.013240606524050236,"w":-0.9851511716842651},"size":1.299038290977478,"orthographic":false}