{"cameraMode":{"drawMode":0,"name":"Shaded","section":"Shading Mode"},"sceneLighting":false,"audioPlay":false,"sceneViewState":{"m_AlwaysRefresh":false,"showFog":true,"showSkybox":false,"showFlares":true,"showImageEffects":true,"showParticleSystems":true,"showVisualEffectGraphs":true,"m_FxEnabled":true},"in2DMode":false,"pivot":{"x":-4.8057756423950199,"y":23.061086654663087,"z":0.25180739164352419},"rotation":{"x":-0.02562609314918518,"y":0.11792150139808655,"z":-0.0030368976294994356,"w":-0.992692232131958},"size":0.866025447845459,"orthographic":false}