{"cameraMode":{"drawMode":0,"name":"Shaded","section":"Shading Mode"},"sceneLighting":false,"audioPlay":false,"sceneViewState":{"m_AlwaysRefresh":false,"showFog":true,"showSkybox":false,"showFlares":true,"showImageEffects":true,"showParticleSystems":true,"showVisualEffectGraphs":true,"m_FxEnabled":true},"in2DMode":false,"pivot":{"x":14.274079322814942,"y":2.7660131454467775,"z":-0.48764944076538088},"rotation":{"x":-0.12334958463907242,"y":0.24993391335010529,"z":-0.032109249383211139,"w":-0.9598307609558106},"size":3.5660250186920168,"orthographic":false}